x-axis,D0-D7
second,
-50.00000E-06,239
-49.95000E-06,239
-49.90000E-06,239
-49.85000E-06,239
-49.80000E-06,152
-49.75000E-06,152
-49.70000E-06,152
-49.65000E-06,152
-49.60000E-06,152
-49.55000E-06,152
-49.50000E-06,152
-49.45000E-06,152
-49.40000E-06,152
-49.35000E-06,152
-49.30000E-06,153
-49.25000E-06,153
-49.20000E-06,153
-49.15000E-06,153
-49.10000E-06,153
-49.05000E-06,153
-49.00000E-06,153
-48.95000E-06,153
-48.90000E-06,153
-48.85000E-06,153
-48.80000E-06,153
-48.75000E-06,154
-48.70000E-06,154
-48.65000E-06,154
-48.60000E-06,154
-48.55000E-06,154
-48.50000E-06,154
-48.45000E-06,154
-48.40000E-06,154
-48.35000E-06,154
-48.30000E-06,154
-48.25000E-06,155
-48.20000E-06,155
-48.15000E-06,155
-48.10000E-06,155
-48.05000E-06,155
-48.00000E-06,155
-47.95000E-06,155
-47.90000E-06,155
-47.85000E-06,155
-47.80000E-06,155
-47.75000E-06,159
-47.70000E-06,156
-47.65000E-06,156
-47.60000E-06,156
-47.55000E-06,156
-47.50000E-06,156
-47.45000E-06,156
-47.40000E-06,156
-47.35000E-06,156
-47.30000E-06,156
-47.25000E-06,156
-47.20000E-06,157
-47.15000E-06,157
-47.10000E-06,157
-47.05000E-06,157
-47.00000E-06,157
-46.95000E-06,157
-46.90000E-06,157
-46.85000E-06,157
-46.80000E-06,157
-46.75000E-06,157
-46.70000E-06,158
-46.65000E-06,158
-46.60000E-06,158
-46.55000E-06,158
-46.50000E-06,158
-46.45000E-06,158
-46.40000E-06,158
-46.35000E-06,158
-46.30000E-06,158
-46.25000E-06,158
-46.20000E-06,159
-46.15000E-06,159
-46.10000E-06,159
-46.05000E-06,159
-46.00000E-06,159
-45.95000E-06,159
-45.90000E-06,159
-45.85000E-06,159
-45.80000E-06,159
-45.75000E-06,159
-45.70000E-06,159
-45.65000E-06,216
-45.60000E-06,216
-45.55000E-06,216
-45.50000E-06,216
-45.45000E-06,216
-45.40000E-06,216
-45.35000E-06,216
-45.30000E-06,216
-45.25000E-06,216
-45.20000E-06,216
-45.15000E-06,217
-45.10000E-06,217
-45.05000E-06,217
-45.00000E-06,217
-44.95000E-06,217
-44.90000E-06,217
-44.85000E-06,217
-44.80000E-06,217
-44.75000E-06,217
-44.70000E-06,217
-44.65000E-06,217
-44.60000E-06,218
-44.55000E-06,218
-44.50000E-06,218
-44.45000E-06,218
-44.40000E-06,218
-44.35000E-06,218
-44.30000E-06,218
-44.25000E-06,218
-44.20000E-06,218
-44.15000E-06,218
-44.10000E-06,219
-44.05000E-06,219
-44.00000E-06,219
-43.95000E-06,219
-43.90000E-06,219
-43.85000E-06,219
-43.80000E-06,219
-43.75000E-06,219
-43.70000E-06,219
-43.65000E-06,219
-43.60000E-06,223
-43.55000E-06,220
-43.50000E-06,220
-43.45000E-06,220
-43.40000E-06,220
-43.35000E-06,220
-43.30000E-06,220
-43.25000E-06,220
-43.20000E-06,220
-43.15000E-06,220
-43.10000E-06,220
-43.05000E-06,221
-43.00000E-06,221
-42.95000E-06,221
-42.90000E-06,221
-42.85000E-06,221
-42.80000E-06,221
-42.75000E-06,221
-42.70000E-06,221
-42.65000E-06,221
-42.60000E-06,221
-42.55000E-06,222
-42.50000E-06,222
-42.45000E-06,222
-42.40000E-06,222
-42.35000E-06,222
-42.30000E-06,222
-42.25000E-06,222
-42.20000E-06,222
-42.15000E-06,222
-42.10000E-06,222
-42.05000E-06,223
-42.00000E-06,223
-41.95000E-06,223
-41.90000E-06,223
-41.85000E-06,223
-41.80000E-06,223
-41.75000E-06,223
-41.70000E-06,223
-41.65000E-06,223
-41.60000E-06,223
-41.55000E-06,223
-41.50000E-06,184
-41.45000E-06,184
-41.40000E-06,184
-41.35000E-06,184
-41.30000E-06,184
-41.25000E-06,184
-41.20000E-06,184
-41.15000E-06,184
-41.10000E-06,184
-41.05000E-06,184
-41.00000E-06,185
-40.95000E-06,185
-40.90000E-06,185
-40.85000E-06,185
-40.80000E-06,185
-40.75000E-06,185
-40.70000E-06,185
-40.65000E-06,185
-40.60000E-06,185
-40.55000E-06,185
-40.50000E-06,187
-40.45000E-06,186
-40.40000E-06,186
-40.35000E-06,186
-40.30000E-06,186
-40.25000E-06,186
-40.20000E-06,186
-40.15000E-06,186
-40.10000E-06,186
-40.05000E-06,186
-40.00000E-06,186
-39.95000E-06,187
-39.90000E-06,187
-39.85000E-06,187
-39.80000E-06,187
-39.75000E-06,187
-39.70000E-06,187
-39.65000E-06,187
-39.60000E-06,187
-39.55000E-06,187
-39.50000E-06,187
-39.45000E-06,188
-39.40000E-06,188
-39.35000E-06,188
-39.30000E-06,188
-39.25000E-06,188
-39.20000E-06,188
-39.15000E-06,188
-39.10000E-06,188
-39.05000E-06,188
-39.00000E-06,188
-38.95000E-06,188
-38.90000E-06,189
-38.85000E-06,189
-38.80000E-06,189
-38.75000E-06,189
-38.70000E-06,189
-38.65000E-06,189
-38.60000E-06,189
-38.55000E-06,189
-38.50000E-06,189
-38.45000E-06,189
-38.40000E-06,190
-38.35000E-06,190
-38.30000E-06,190
-38.25000E-06,190
-38.20000E-06,190
-38.15000E-06,190
-38.10000E-06,190
-38.05000E-06,190
-38.00000E-06,190
-37.95000E-06,190
-37.90000E-06,191
-37.85000E-06,191
-37.80000E-06,191
-37.75000E-06,191
-37.70000E-06,191
-37.65000E-06,191
-37.60000E-06,191
-37.55000E-06,191
-37.50000E-06,191
-37.45000E-06,191
-37.40000E-06,191
-37.35000E-06,248
-37.30000E-06,248
-37.25000E-06,248
-37.20000E-06,248
-37.15000E-06,248
-37.10000E-06,248
-37.05000E-06,248
-37.00000E-06,248
-36.95000E-06,248
-36.90000E-06,248
-36.85000E-06,249
-36.80000E-06,249
-36.75000E-06,249
-36.70000E-06,249
-36.65000E-06,249
-36.60000E-06,249
-36.55000E-06,249
-36.50000E-06,249
-36.45000E-06,249
-36.40000E-06,249
-36.35000E-06,249
-36.30000E-06,250
-36.25000E-06,250
-36.20000E-06,250
-36.15000E-06,250
-36.10000E-06,250
-36.05000E-06,250
-36.00000E-06,250
-35.95000E-06,250
-35.90000E-06,250
-35.85000E-06,250
-35.80000E-06,251
-35.75000E-06,251
-35.70000E-06,251
-35.65000E-06,251
-35.60000E-06,251
-35.55000E-06,251
-35.50000E-06,251
-35.45000E-06,251
-35.40000E-06,251
-35.35000E-06,251
-35.30000E-06,252
-35.25000E-06,252
-35.20000E-06,252
-35.15000E-06,252
-35.10000E-06,252
-35.05000E-06,252
-35.00000E-06,252
-34.95000E-06,252
-34.90000E-06,252
-34.85000E-06,252
-34.80000E-06,252
-34.75000E-06,253
-34.70000E-06,253
-34.65000E-06,253
-34.60000E-06,253
-34.55000E-06,253
-34.50000E-06,253
-34.45000E-06,253
-34.40000E-06,253
-34.35000E-06,253
-34.30000E-06,253
-34.25000E-06,254
-34.20000E-06,254
-34.15000E-06,254
-34.10000E-06,254
-34.05000E-06,254
-34.00000E-06,254
-33.95000E-06,254
-33.90000E-06,254
-33.85000E-06,254
-33.80000E-06,254
-33.75000E-06,255
-33.70000E-06,255
-33.65000E-06,255
-33.60000E-06,255
-33.55000E-06,255
-33.50000E-06,255
-33.45000E-06,255
-33.40000E-06,255
-33.35000E-06,255
-33.30000E-06,255
-33.25000E-06,255
-33.20000E-06,8
-33.15000E-06,8
-33.10000E-06,8
-33.05000E-06,8
-33.00000E-06,8
-32.95000E-06,8
-32.90000E-06,8
-32.85000E-06,8
-32.80000E-06,8
-32.75000E-06,8
-32.70000E-06,9
-32.65000E-06,9
-32.60000E-06,9
-32.55000E-06,9
-32.50000E-06,9
-32.45000E-06,9
-32.40000E-06,9
-32.35000E-06,9
-32.30000E-06,9
-32.25000E-06,9
-32.20000E-06,11
-32.15000E-06,10
-32.10000E-06,10
-32.05000E-06,10
-32.00000E-06,10
-31.95000E-06,10
-31.90000E-06,10
-31.85000E-06,10
-31.80000E-06,10
-31.75000E-06,10
-31.70000E-06,10
-31.65000E-06,11
-31.60000E-06,11
-31.55000E-06,11
-31.50000E-06,11
-31.45000E-06,11
-31.40000E-06,11
-31.35000E-06,11
-31.30000E-06,11
-31.25000E-06,11
-31.20000E-06,11
-31.15000E-06,12
-31.10000E-06,12
-31.05000E-06,12
-31.00000E-06,12
-30.95000E-06,12
-30.90000E-06,12
-30.85000E-06,12
-30.80000E-06,12
-30.75000E-06,12
-30.70000E-06,12
-30.65000E-06,12
-30.60000E-06,13
-30.55000E-06,13
-30.50000E-06,13
-30.45000E-06,13
-30.40000E-06,13
-30.35000E-06,13
-30.30000E-06,13
-30.25000E-06,13
-30.20000E-06,13
-30.15000E-06,13
-30.10000E-06,14
-30.05000E-06,14
-30.00000E-06,14
-29.95000E-06,14
-29.90000E-06,14
-29.85000E-06,14
-29.80000E-06,14
-29.75000E-06,14
-29.70000E-06,14
-29.65000E-06,14
-29.60000E-06,15
-29.55000E-06,15
-29.50000E-06,15
-29.45000E-06,15
-29.40000E-06,15
-29.35000E-06,15
-29.30000E-06,15
-29.25000E-06,15
-29.20000E-06,15
-29.15000E-06,15
-29.10000E-06,15
-29.05000E-06,72
-29.00000E-06,72
-28.95000E-06,72
-28.90000E-06,72
-28.85000E-06,72
-28.80000E-06,72
-28.75000E-06,72
-28.70000E-06,72
-28.65000E-06,72
-28.60000E-06,72
-28.55000E-06,73
-28.50000E-06,73
-28.45000E-06,73
-28.40000E-06,73
-28.35000E-06,73
-28.30000E-06,73
-28.25000E-06,73
-28.20000E-06,73
-28.15000E-06,73
-28.10000E-06,73
-28.05000E-06,75
-28.00000E-06,74
-27.95000E-06,74
-27.90000E-06,74
-27.85000E-06,74
-27.80000E-06,74
-27.75000E-06,74
-27.70000E-06,74
-27.65000E-06,74
-27.60000E-06,74
-27.55000E-06,74
-27.50000E-06,75
-27.45000E-06,75
-27.40000E-06,75
-27.35000E-06,75
-27.30000E-06,75
-27.25000E-06,75
-27.20000E-06,75
-27.15000E-06,75
-27.10000E-06,75
-27.05000E-06,75
-27.00000E-06,76
-26.95000E-06,76
-26.90000E-06,76
-26.85000E-06,76
-26.80000E-06,76
-26.75000E-06,76
-26.70000E-06,76
-26.65000E-06,76
-26.60000E-06,76
-26.55000E-06,76
-26.50000E-06,77
-26.45000E-06,77
-26.40000E-06,77
-26.35000E-06,77
-26.30000E-06,77
-26.25000E-06,77
-26.20000E-06,77
-26.15000E-06,77
-26.10000E-06,77
-26.05000E-06,77
-26.00000E-06,77
-25.95000E-06,78
-25.90000E-06,78
-25.85000E-06,78
-25.80000E-06,78
-25.75000E-06,78
-25.70000E-06,78
-25.65000E-06,78
-25.60000E-06,78
-25.55000E-06,78
-25.50000E-06,78
-25.45000E-06,79
-25.40000E-06,79
-25.35000E-06,79
-25.30000E-06,79
-25.25000E-06,79
-25.20000E-06,79
-25.15000E-06,79
-25.10000E-06,79
-25.05000E-06,79
-25.00000E-06,79
-24.95000E-06,79
-24.90000E-06,40
-24.85000E-06,40
-24.80000E-06,40
-24.75000E-06,40
-24.70000E-06,40
-24.65000E-06,40
-24.60000E-06,40
-24.55000E-06,40
-24.50000E-06,40
-24.45000E-06,40
-24.40000E-06,41
-24.35000E-06,41
-24.30000E-06,41
-24.25000E-06,41
-24.20000E-06,41
-24.15000E-06,41
-24.10000E-06,41
-24.05000E-06,41
-24.00000E-06,41
-23.95000E-06,41
-23.90000E-06,43
-23.85000E-06,42
-23.80000E-06,42
-23.75000E-06,42
-23.70000E-06,42
-23.65000E-06,42
-23.60000E-06,42
-23.55000E-06,42
-23.50000E-06,42
-23.45000E-06,42
-23.40000E-06,42
-23.35000E-06,43
-23.30000E-06,43
-23.25000E-06,43
-23.20000E-06,43
-23.15000E-06,43
-23.10000E-06,43
-23.05000E-06,43
-23.00000E-06,43
-22.95000E-06,43
-22.90000E-06,43
-22.85000E-06,44
-22.80000E-06,44
-22.75000E-06,44
-22.70000E-06,44
-22.65000E-06,44
-22.60000E-06,44
-22.55000E-06,44
-22.50000E-06,44
-22.45000E-06,44
-22.40000E-06,44
-22.35000E-06,44
-22.30000E-06,45
-22.25000E-06,45
-22.20000E-06,45
-22.15000E-06,45
-22.10000E-06,45
-22.05000E-06,45
-22.00000E-06,45
-21.95000E-06,45
-21.90000E-06,45
-21.85000E-06,45
-21.80000E-06,46
-21.75000E-06,46
-21.70000E-06,46
-21.65000E-06,46
-21.60000E-06,46
-21.55000E-06,46
-21.50000E-06,46
-21.45000E-06,46
-21.40000E-06,46
-21.35000E-06,46
-21.30000E-06,47
-21.25000E-06,47
-21.20000E-06,47
-21.15000E-06,47
-21.10000E-06,47
-21.05000E-06,47
-21.00000E-06,47
-20.95000E-06,47
-20.90000E-06,47
-20.85000E-06,47
-20.80000E-06,47
-20.75000E-06,104
-20.70000E-06,104
-20.65000E-06,104
-20.60000E-06,104
-20.55000E-06,104
-20.50000E-06,104
-20.45000E-06,104
-20.40000E-06,104
-20.35000E-06,104
-20.30000E-06,104
-20.25000E-06,105
-20.20000E-06,105
-20.15000E-06,105
-20.10000E-06,105
-20.05000E-06,105
-20.00000E-06,105
-19.95000E-06,105
-19.90000E-06,105
-19.85000E-06,105
-19.80000E-06,105
-19.75000E-06,107
-19.70000E-06,106
-19.65000E-06,106
-19.60000E-06,106
-19.55000E-06,106
-19.50000E-06,106
-19.45000E-06,106
-19.40000E-06,106
-19.35000E-06,106
-19.30000E-06,106
-19.25000E-06,106
-19.20000E-06,107
-19.15000E-06,107
-19.10000E-06,107
-19.05000E-06,107
-19.00000E-06,107
-18.95000E-06,107
-18.90000E-06,107
-18.85000E-06,107
-18.80000E-06,107
-18.75000E-06,107
-18.70000E-06,108
-18.65000E-06,108
-18.60000E-06,108
-18.55000E-06,108
-18.50000E-06,108
-18.45000E-06,108
-18.40000E-06,108
-18.35000E-06,108
-18.30000E-06,108
-18.25000E-06,108
-18.20000E-06,109
-18.15000E-06,109
-18.10000E-06,109
-18.05000E-06,109
-18.00000E-06,109
-17.95000E-06,109
-17.90000E-06,109
-17.85000E-06,109
-17.80000E-06,109
-17.75000E-06,109
-17.70000E-06,109
-17.65000E-06,110
-17.60000E-06,110
-17.55000E-06,110
-17.50000E-06,110
-17.45000E-06,110
-17.40000E-06,110
-17.35000E-06,110
-17.30000E-06,110
-17.25000E-06,110
-17.20000E-06,110
-17.15000E-06,111
-17.10000E-06,111
-17.05000E-06,111
-17.00000E-06,111
-16.95000E-06,111
-16.90000E-06,111
-16.85000E-06,111
-16.80000E-06,111
-16.75000E-06,111
-16.70000E-06,111
-16.65000E-06,111
-16.60000E-06,24
-16.55000E-06,24
-16.50000E-06,24
-16.45000E-06,24
-16.40000E-06,24
-16.35000E-06,24
-16.30000E-06,24
-16.25000E-06,24
-16.20000E-06,24
-16.15000E-06,24
-16.10000E-06,25
-16.05000E-06,25
-16.00000E-06,25
-15.95000E-06,25
-15.90000E-06,25
-15.85000E-06,25
-15.80000E-06,25
-15.75000E-06,25
-15.70000E-06,25
-15.65000E-06,25
-15.60000E-06,27
-15.55000E-06,26
-15.50000E-06,26
-15.45000E-06,26
-15.40000E-06,26
-15.35000E-06,26
-15.30000E-06,26
-15.25000E-06,26
-15.20000E-06,26
-15.15000E-06,26
-15.10000E-06,26
-15.05000E-06,27
-15.00000E-06,27
-14.95000E-06,27
-14.90000E-06,27
-14.85000E-06,27
-14.80000E-06,27
-14.75000E-06,27
-14.70000E-06,27
-14.65000E-06,27
-14.60000E-06,27
-14.55000E-06,28
-14.50000E-06,28
-14.45000E-06,28
-14.40000E-06,28
-14.35000E-06,28
-14.30000E-06,28
-14.25000E-06,28
-14.20000E-06,28
-14.15000E-06,28
-14.10000E-06,28
-14.05000E-06,29
-14.00000E-06,29
-13.95000E-06,29
-13.90000E-06,29
-13.85000E-06,29
-13.80000E-06,29
-13.75000E-06,29
-13.70000E-06,29
-13.65000E-06,29
-13.60000E-06,29
-13.55000E-06,29
-13.50000E-06,30
-13.45000E-06,30
-13.40000E-06,30
-13.35000E-06,30
-13.30000E-06,30
-13.25000E-06,30
-13.20000E-06,30
-13.15000E-06,30
-13.10000E-06,30
-13.05000E-06,30
-13.00000E-06,31
-12.95000E-06,31
-12.90000E-06,31
-12.85000E-06,31
-12.80000E-06,31
-12.75000E-06,31
-12.70000E-06,31
-12.65000E-06,31
-12.60000E-06,31
-12.55000E-06,31
-12.50000E-06,95
-12.45000E-06,88
-12.40000E-06,88
-12.35000E-06,88
-12.30000E-06,88
-12.25000E-06,88
-12.20000E-06,88
-12.15000E-06,88
-12.10000E-06,88
-12.05000E-06,88
-12.00000E-06,88
-11.95000E-06,89
-11.90000E-06,89
-11.85000E-06,89
-11.80000E-06,89
-11.75000E-06,89
-11.70000E-06,89
-11.65000E-06,89
-11.60000E-06,89
-11.55000E-06,89
-11.50000E-06,89
-11.45000E-06,90
-11.40000E-06,90
-11.35000E-06,90
-11.30000E-06,90
-11.25000E-06,90
-11.20000E-06,90
-11.15000E-06,90
-11.10000E-06,90
-11.05000E-06,90
-11.00000E-06,90
-10.95000E-06,90
-10.90000E-06,91
-10.85000E-06,91
-10.80000E-06,91
-10.75000E-06,91
-10.70000E-06,91
-10.65000E-06,91
-10.60000E-06,91
-10.55000E-06,91
-10.50000E-06,91
-10.45000E-06,91
-10.40000E-06,92
-10.35000E-06,92
-10.30000E-06,92
-10.25000E-06,92
-10.20000E-06,92
-10.15000E-06,92
-10.10000E-06,92
-10.05000E-06,92
-10.00000E-06,92
-9.95000E-06,92
-9.90000E-06,93
-9.85000E-06,93
-9.80000E-06,93
-9.75000E-06,93
-9.70000E-06,93
-9.65000E-06,93
-9.60000E-06,93
-9.55000E-06,93
-9.50000E-06,93
-9.45000E-06,93
-9.40000E-06,93
-9.35000E-06,94
-9.30000E-06,94
-9.25000E-06,94
-9.20000E-06,94
-9.15000E-06,94
-9.10000E-06,94
-9.05000E-06,94
-9.00000E-06,94
-8.95000E-06,94
-8.90000E-06,94
-8.85000E-06,95
-8.80000E-06,95
-8.75000E-06,95
-8.70000E-06,95
-8.65000E-06,95
-8.60000E-06,95
-8.55000E-06,95
-8.50000E-06,95
-8.45000E-06,95
-8.40000E-06,95
-8.35000E-06,95
-8.30000E-06,56
-8.25000E-06,56
-8.20000E-06,56
-8.15000E-06,56
-8.10000E-06,56
-8.05000E-06,56
-8.00000E-06,56
-7.95000E-06,56
-7.90000E-06,56
-7.85000E-06,56
-7.80000E-06,57
-7.75000E-06,57
-7.70000E-06,57
-7.65000E-06,57
-7.60000E-06,57
-7.55000E-06,57
-7.50000E-06,57
-7.45000E-06,57
-7.40000E-06,57
-7.35000E-06,57
-7.30000E-06,58
-7.25000E-06,58
-7.20000E-06,58
-7.15000E-06,58
-7.10000E-06,58
-7.05000E-06,58
-7.00000E-06,58
-6.95000E-06,58
-6.90000E-06,58
-6.85000E-06,58
-6.80000E-06,58
-6.75000E-06,59
-6.70000E-06,59
-6.65000E-06,59
-6.60000E-06,59
-6.55000E-06,59
-6.50000E-06,59
-6.45000E-06,59
-6.40000E-06,59
-6.35000E-06,59
-6.30000E-06,59
-6.25000E-06,60
-6.20000E-06,60
-6.15000E-06,60
-6.10000E-06,60
-6.05000E-06,60
-6.00000E-06,60
-5.95000E-06,60
-5.90000E-06,60
-5.85000E-06,60
-5.80000E-06,60
-5.75000E-06,61
-5.70000E-06,61
-5.65000E-06,61
-5.60000E-06,61
-5.55000E-06,61
-5.50000E-06,61
-5.45000E-06,61
-5.40000E-06,61
-5.35000E-06,61
-5.30000E-06,61
-5.25000E-06,61
-5.20000E-06,62
-5.15000E-06,62
-5.10000E-06,62
-5.05000E-06,62
-5.00000E-06,62
-4.95000E-06,62
-4.90000E-06,62
-4.85000E-06,62
-4.80000E-06,62
-4.75000E-06,62
-4.70000E-06,63
-4.65000E-06,63
-4.60000E-06,63
-4.55000E-06,63
-4.50000E-06,63
-4.45000E-06,63
-4.40000E-06,63
-4.35000E-06,63
-4.30000E-06,63
-4.25000E-06,63
-4.20000E-06,127
-4.15000E-06,120
-4.10000E-06,120
-4.05000E-06,120
-4.00000E-06,120
-3.95000E-06,120
-3.90000E-06,120
-3.85000E-06,120
-3.80000E-06,120
-3.75000E-06,120
-3.70000E-06,120
-3.65000E-06,121
-3.60000E-06,121
-3.55000E-06,121
-3.50000E-06,121
-3.45000E-06,121
-3.40000E-06,121
-3.35000E-06,121
-3.30000E-06,121
-3.25000E-06,121
-3.20000E-06,121
-3.15000E-06,122
-3.10000E-06,122
-3.05000E-06,122
-3.00000E-06,122
-2.95000E-06,122
-2.90000E-06,122
-2.85000E-06,122
-2.80000E-06,122
-2.75000E-06,122
-2.70000E-06,122
-2.65000E-06,123
-2.60000E-06,123
-2.55000E-06,123
-2.50000E-06,123
-2.45000E-06,123
-2.40000E-06,123
-2.35000E-06,123
-2.30000E-06,123
-2.25000E-06,123
-2.20000E-06,123
-2.15000E-06,123
-2.10000E-06,124
-2.05000E-06,124
-2.00000E-06,124
-1.95000E-06,124
-1.90000E-06,124
-1.85000E-06,124
-1.80000E-06,124
-1.75000E-06,124
-1.70000E-06,124
-1.65000E-06,124
-1.60000E-06,125
-1.55000E-06,125
-1.50000E-06,125
-1.45000E-06,125
-1.40000E-06,125
-1.35000E-06,125
-1.30000E-06,125
-1.25000E-06,125
-1.20000E-06,125
-1.15000E-06,125
-1.10000E-06,125
-1.05000E-06,126
-1.00000E-06,126
-950.00E-09,126
-900.00E-09,126
-850.00E-09,126
-800.00E-09,126
-750.00E-09,126
-700.00E-09,126
-650.00E-09,126
-600.00E-09,126
-550.00E-09,127
-500.00E-09,127
-450.00E-09,127
-400.00E-09,127
-350.00E-09,127
-300.00E-09,127
-250.00E-09,127
-200.00E-09,127
-150.00E-09,127
-100.00E-09,127
-50.00E-09,255
+0.0E+00,136
+50.00E-09,136
+100.00E-09,136
+150.00E-09,136
+200.00E-09,136
+250.00E-09,136
+300.00E-09,136
+350.00E-09,136
+400.00E-09,136
+450.00E-09,136
+500.00E-09,137
+550.00E-09,137
+600.00E-09,137
+650.00E-09,137
+700.00E-09,137
+750.00E-09,137
+800.00E-09,137
+850.00E-09,137
+900.00E-09,137
+950.00E-09,137
+1.00000E-06,138
+1.05000E-06,138
+1.10000E-06,138
+1.15000E-06,138
+1.20000E-06,138
+1.25000E-06,138
+1.30000E-06,138
+1.35000E-06,138
+1.40000E-06,138
+1.45000E-06,138
+1.50000E-06,139
+1.55000E-06,139
+1.60000E-06,139
+1.65000E-06,139
+1.70000E-06,139
+1.75000E-06,139
+1.80000E-06,139
+1.85000E-06,139
+1.90000E-06,139
+1.95000E-06,139
+2.00000E-06,139
+2.05000E-06,140
+2.10000E-06,140
+2.15000E-06,140
+2.20000E-06,140
+2.25000E-06,140
+2.30000E-06,140
+2.35000E-06,140
+2.40000E-06,140
+2.45000E-06,140
+2.50000E-06,140
+2.55000E-06,141
+2.60000E-06,141
+2.65000E-06,141
+2.70000E-06,141
+2.75000E-06,141
+2.80000E-06,141
+2.85000E-06,141
+2.90000E-06,141
+2.95000E-06,141
+3.00000E-06,141
+3.05000E-06,141
+3.10000E-06,142
+3.15000E-06,142
+3.20000E-06,142
+3.25000E-06,142
+3.30000E-06,142
+3.35000E-06,142
+3.40000E-06,142
+3.45000E-06,142
+3.50000E-06,142
+3.55000E-06,142
+3.60000E-06,143
+3.65000E-06,143
+3.70000E-06,143
+3.75000E-06,143
+3.80000E-06,143
+3.85000E-06,143
+3.90000E-06,143
+3.95000E-06,143
+4.00000E-06,143
+4.05000E-06,143
+4.10000E-06,207
+4.15000E-06,200
+4.20000E-06,200
+4.25000E-06,200
+4.30000E-06,200
+4.35000E-06,200
+4.40000E-06,200
+4.45000E-06,200
+4.50000E-06,200
+4.55000E-06,200
+4.60000E-06,200
+4.65000E-06,201
+4.70000E-06,201
+4.75000E-06,201
+4.80000E-06,201
+4.85000E-06,201
+4.90000E-06,201
+4.95000E-06,201
+5.00000E-06,201
+5.05000E-06,201
+5.10000E-06,201
+5.15000E-06,202
+5.20000E-06,202
+5.25000E-06,202
+5.30000E-06,202
+5.35000E-06,202
+5.40000E-06,202
+5.45000E-06,202
+5.50000E-06,202
+5.55000E-06,202
+5.60000E-06,202
+5.65000E-06,203
+5.70000E-06,203
+5.75000E-06,203
+5.80000E-06,203
+5.85000E-06,203
+5.90000E-06,203
+5.95000E-06,203
+6.00000E-06,203
+6.05000E-06,203
+6.10000E-06,203
+6.15000E-06,203
+6.20000E-06,204
+6.25000E-06,204
+6.30000E-06,204
+6.35000E-06,204
+6.40000E-06,204
+6.45000E-06,204
+6.50000E-06,204
+6.55000E-06,204
+6.60000E-06,204
+6.65000E-06,204
+6.70000E-06,205
+6.75000E-06,205
+6.80000E-06,205
+6.85000E-06,205
+6.90000E-06,205
+6.95000E-06,205
+7.00000E-06,205
+7.05000E-06,205
+7.10000E-06,205
+7.15000E-06,205
+7.20000E-06,205
+7.25000E-06,206
+7.30000E-06,206
+7.35000E-06,206
+7.40000E-06,206
+7.45000E-06,206
+7.50000E-06,206
+7.55000E-06,206
+7.60000E-06,206
+7.65000E-06,206
+7.70000E-06,206
+7.75000E-06,207
+7.80000E-06,207
+7.85000E-06,207
+7.90000E-06,207
+7.95000E-06,207
+8.00000E-06,207
+8.05000E-06,207
+8.10000E-06,207
+8.15000E-06,207
+8.20000E-06,207
+8.25000E-06,239
+8.30000E-06,168
+8.35000E-06,168
+8.40000E-06,168
+8.45000E-06,168
+8.50000E-06,168
+8.55000E-06,168
+8.60000E-06,168
+8.65000E-06,168
+8.70000E-06,168
+8.75000E-06,168
+8.80000E-06,169
+8.85000E-06,169
+8.90000E-06,169
+8.95000E-06,169
+9.00000E-06,169
+9.05000E-06,169
+9.10000E-06,169
+9.15000E-06,169
+9.20000E-06,169
+9.25000E-06,169
+9.30000E-06,170
+9.35000E-06,170
+9.40000E-06,170
+9.45000E-06,170
+9.50000E-06,170
+9.55000E-06,170
+9.60000E-06,170
+9.65000E-06,170
+9.70000E-06,170
+9.75000E-06,170
+9.80000E-06,171
+9.85000E-06,171
+9.90000E-06,171
+9.95000E-06,171
+10.00000E-06,171
+10.05000E-06,171
+10.10000E-06,171
+10.15000E-06,171
+10.20000E-06,171
+10.25000E-06,171
+10.30000E-06,171
+10.35000E-06,172
+10.40000E-06,172
+10.45000E-06,172
+10.50000E-06,172
+10.55000E-06,172
+10.60000E-06,172
+10.65000E-06,172
+10.70000E-06,172
+10.75000E-06,172
+10.80000E-06,172
+10.85000E-06,173
+10.90000E-06,173
+10.95000E-06,173
+11.00000E-06,173
+11.05000E-06,173
+11.10000E-06,173
+11.15000E-06,173
+11.20000E-06,173
+11.25000E-06,173
+11.30000E-06,173
+11.35000E-06,173
+11.40000E-06,174
+11.45000E-06,174
+11.50000E-06,174
+11.55000E-06,174
+11.60000E-06,174
+11.65000E-06,174
+11.70000E-06,174
+11.75000E-06,174
+11.80000E-06,174
+11.85000E-06,174
+11.90000E-06,175
+11.95000E-06,175
+12.00000E-06,175
+12.05000E-06,175
+12.10000E-06,175
+12.15000E-06,175
+12.20000E-06,175
+12.25000E-06,175
+12.30000E-06,175
+12.35000E-06,175
+12.40000E-06,239
+12.45000E-06,232
+12.50000E-06,232
+12.55000E-06,232
+12.60000E-06,232
+12.65000E-06,232
+12.70000E-06,232
+12.75000E-06,232
+12.80000E-06,232
+12.85000E-06,232
+12.90000E-06,232
+12.95000E-06,233
+13.00000E-06,233
+13.05000E-06,233
+13.10000E-06,233
+13.15000E-06,233
+13.20000E-06,233
+13.25000E-06,233
+13.30000E-06,233
+13.35000E-06,233
+13.40000E-06,233
+13.45000E-06,234
+13.50000E-06,234
+13.55000E-06,234
+13.60000E-06,234
+13.65000E-06,234
+13.70000E-06,234
+13.75000E-06,234
+13.80000E-06,234
+13.85000E-06,234
+13.90000E-06,234
+13.95000E-06,235
+14.00000E-06,235
+14.05000E-06,235
+14.10000E-06,235
+14.15000E-06,235
+14.20000E-06,235
+14.25000E-06,235
+14.30000E-06,235
+14.35000E-06,235
+14.40000E-06,235
+14.45000E-06,235
+14.50000E-06,236
+14.55000E-06,236
+14.60000E-06,236
+14.65000E-06,236
+14.70000E-06,236
+14.75000E-06,236
+14.80000E-06,236
+14.85000E-06,236
+14.90000E-06,236
+14.95000E-06,236
+15.00000E-06,237
+15.05000E-06,237
+15.10000E-06,237
+15.15000E-06,237
+15.20000E-06,237
+15.25000E-06,237
+15.30000E-06,237
+15.35000E-06,237
+15.40000E-06,237
+15.45000E-06,237
+15.50000E-06,239
+15.55000E-06,238
+15.60000E-06,238
+15.65000E-06,238
+15.70000E-06,238
+15.75000E-06,238
+15.80000E-06,238
+15.85000E-06,238
+15.90000E-06,238
+15.95000E-06,238
+16.00000E-06,238
+16.05000E-06,239
+16.10000E-06,239
+16.15000E-06,239
+16.20000E-06,239
+16.25000E-06,239
+16.30000E-06,239
+16.35000E-06,239
+16.40000E-06,239
+16.45000E-06,239
+16.50000E-06,239
+16.55000E-06,152
+16.60000E-06,152
+16.65000E-06,152
+16.70000E-06,152
+16.75000E-06,152
+16.80000E-06,152
+16.85000E-06,152
+16.90000E-06,152
+16.95000E-06,152
+17.00000E-06,152
+17.05000E-06,152
+17.10000E-06,153
+17.15000E-06,153
+17.20000E-06,153
+17.25000E-06,153
+17.30000E-06,153
+17.35000E-06,153
+17.40000E-06,153
+17.45000E-06,153
+17.50000E-06,153
+17.55000E-06,153
+17.60000E-06,154
+17.65000E-06,154
+17.70000E-06,154
+17.75000E-06,154
+17.80000E-06,154
+17.85000E-06,154
+17.90000E-06,154
+17.95000E-06,154
+18.00000E-06,154
+18.05000E-06,154
+18.10000E-06,155
+18.15000E-06,155
+18.20000E-06,155
+18.25000E-06,155
+18.30000E-06,155
+18.35000E-06,155
+18.40000E-06,155
+18.45000E-06,155
+18.50000E-06,155
+18.55000E-06,155
+18.60000E-06,155
+18.65000E-06,156
+18.70000E-06,156
+18.75000E-06,156
+18.80000E-06,156
+18.85000E-06,156
+18.90000E-06,156
+18.95000E-06,156
+19.00000E-06,156
+19.05000E-06,156
+19.10000E-06,156
+19.15000E-06,157
+19.20000E-06,157
+19.25000E-06,157
+19.30000E-06,157
+19.35000E-06,157
+19.40000E-06,157
+19.45000E-06,157
+19.50000E-06,157
+19.55000E-06,157
+19.60000E-06,157
+19.65000E-06,157
+19.70000E-06,158
+19.75000E-06,158
+19.80000E-06,158
+19.85000E-06,158
+19.90000E-06,158
+19.95000E-06,158
+20.00000E-06,158
+20.05000E-06,158
+20.10000E-06,158
+20.15000E-06,158
+20.20000E-06,159
+20.25000E-06,159
+20.30000E-06,159
+20.35000E-06,159
+20.40000E-06,159
+20.45000E-06,159
+20.50000E-06,159
+20.55000E-06,159
+20.60000E-06,159
+20.65000E-06,159
+20.70000E-06,216
+20.75000E-06,216
+20.80000E-06,216
+20.85000E-06,216
+20.90000E-06,216
+20.95000E-06,216
+21.00000E-06,216
+21.05000E-06,216
+21.10000E-06,216
+21.15000E-06,216
+21.20000E-06,216
+21.25000E-06,217
+21.30000E-06,217
+21.35000E-06,217
+21.40000E-06,217
+21.45000E-06,217
+21.50000E-06,217
+21.55000E-06,217
+21.60000E-06,217
+21.65000E-06,217
+21.70000E-06,217
+21.75000E-06,218
+21.80000E-06,218
+21.85000E-06,218
+21.90000E-06,218
+21.95000E-06,218
+22.00000E-06,218
+22.05000E-06,218
+22.10000E-06,218
+22.15000E-06,218
+22.20000E-06,218
+22.25000E-06,219
+22.30000E-06,219
+22.35000E-06,219
+22.40000E-06,219
+22.45000E-06,219
+22.50000E-06,219
+22.55000E-06,219
+22.60000E-06,219
+22.65000E-06,219
+22.70000E-06,219
+22.75000E-06,219
+22.80000E-06,220
+22.85000E-06,220
+22.90000E-06,220
+22.95000E-06,220
+23.00000E-06,220
+23.05000E-06,220
+23.10000E-06,220
+23.15000E-06,220
+23.20000E-06,220
+23.25000E-06,220
+23.30000E-06,221
+23.35000E-06,221
+23.40000E-06,221
+23.45000E-06,221
+23.50000E-06,221
+23.55000E-06,221
+23.60000E-06,221
+23.65000E-06,221
+23.70000E-06,221
+23.75000E-06,221
+23.80000E-06,223
+23.85000E-06,222
+23.90000E-06,222
+23.95000E-06,222
+24.00000E-06,222
+24.05000E-06,222
+24.10000E-06,222
+24.15000E-06,222
+24.20000E-06,222
+24.25000E-06,222
+24.30000E-06,222
+24.35000E-06,223
+24.40000E-06,223
+24.45000E-06,223
+24.50000E-06,223
+24.55000E-06,223
+24.60000E-06,223
+24.65000E-06,223
+24.70000E-06,223
+24.75000E-06,223
+24.80000E-06,223
+24.85000E-06,184
+24.90000E-06,184
+24.95000E-06,184
+25.00000E-06,184
+25.05000E-06,184
+25.10000E-06,184
+25.15000E-06,184
+25.20000E-06,184
+25.25000E-06,184
+25.30000E-06,184
+25.35000E-06,185
+25.40000E-06,185
+25.45000E-06,185
+25.50000E-06,185
+25.55000E-06,185
+25.60000E-06,185
+25.65000E-06,185
+25.70000E-06,185
+25.75000E-06,185
+25.80000E-06,185
+25.85000E-06,185
+25.90000E-06,186
+25.95000E-06,186
+26.00000E-06,186
+26.05000E-06,186
+26.10000E-06,186
+26.15000E-06,186
+26.20000E-06,186
+26.25000E-06,186
+26.30000E-06,186
+26.35000E-06,186
+26.40000E-06,187
+26.45000E-06,187
+26.50000E-06,187
+26.55000E-06,187
+26.60000E-06,187
+26.65000E-06,187
+26.70000E-06,187
+26.75000E-06,187
+26.80000E-06,187
+26.85000E-06,187
+26.90000E-06,187
+26.95000E-06,188
+27.00000E-06,188
+27.05000E-06,188
+27.10000E-06,188
+27.15000E-06,188
+27.20000E-06,188
+27.25000E-06,188
+27.30000E-06,188
+27.35000E-06,188
+27.40000E-06,188
+27.45000E-06,189
+27.50000E-06,189
+27.55000E-06,189
+27.60000E-06,189
+27.65000E-06,189
+27.70000E-06,189
+27.75000E-06,189
+27.80000E-06,189
+27.85000E-06,189
+27.90000E-06,189
+27.95000E-06,191
+28.00000E-06,190
+28.05000E-06,190
+28.10000E-06,190
+28.15000E-06,190
+28.20000E-06,190
+28.25000E-06,190
+28.30000E-06,190
+28.35000E-06,190
+28.40000E-06,190
+28.45000E-06,190
+28.50000E-06,191
+28.55000E-06,191
+28.60000E-06,191
+28.65000E-06,191
+28.70000E-06,191
+28.75000E-06,191
+28.80000E-06,191
+28.85000E-06,191
+28.90000E-06,191
+28.95000E-06,191
+29.00000E-06,248
+29.05000E-06,248
+29.10000E-06,248
+29.15000E-06,248
+29.20000E-06,248
+29.25000E-06,248
+29.30000E-06,248
+29.35000E-06,248
+29.40000E-06,248
+29.45000E-06,248
+29.50000E-06,249
+29.55000E-06,249
+29.60000E-06,249
+29.65000E-06,249
+29.70000E-06,249
+29.75000E-06,249
+29.80000E-06,249
+29.85000E-06,249
+29.90000E-06,249
+29.95000E-06,249
+30.00000E-06,249
+30.05000E-06,250
+30.10000E-06,250
+30.15000E-06,250
+30.20000E-06,250
+30.25000E-06,250
+30.30000E-06,250
+30.35000E-06,250
+30.40000E-06,250
+30.45000E-06,250
+30.50000E-06,250
+30.55000E-06,251
+30.60000E-06,251
+30.65000E-06,251
+30.70000E-06,251
+30.75000E-06,251
+30.80000E-06,251
+30.85000E-06,251
+30.90000E-06,251
+30.95000E-06,251
+31.00000E-06,251
+31.05000E-06,251
+31.10000E-06,252
+31.15000E-06,252
+31.20000E-06,252
+31.25000E-06,252
+31.30000E-06,252
+31.35000E-06,252
+31.40000E-06,252
+31.45000E-06,252
+31.50000E-06,252
+31.55000E-06,252
+31.60000E-06,253
+31.65000E-06,253
+31.70000E-06,253
+31.75000E-06,253
+31.80000E-06,253
+31.85000E-06,253
+31.90000E-06,253
+31.95000E-06,253
+32.00000E-06,253
+32.05000E-06,253
+32.10000E-06,255
+32.15000E-06,254
+32.20000E-06,254
+32.25000E-06,254
+32.30000E-06,254
+32.35000E-06,254
+32.40000E-06,254
+32.45000E-06,254
+32.50000E-06,254
+32.55000E-06,254
+32.60000E-06,254
+32.65000E-06,255
+32.70000E-06,255
+32.75000E-06,255
+32.80000E-06,255
+32.85000E-06,255
+32.90000E-06,255
+32.95000E-06,255
+33.00000E-06,255
+33.05000E-06,255
+33.10000E-06,255
+33.15000E-06,8
+33.20000E-06,8
+33.25000E-06,8
+33.30000E-06,8
+33.35000E-06,8
+33.40000E-06,8
+33.45000E-06,8
+33.50000E-06,8
+33.55000E-06,8
+33.60000E-06,8
+33.65000E-06,9
+33.70000E-06,9
+33.75000E-06,9
+33.80000E-06,9
+33.85000E-06,9
+33.90000E-06,9
+33.95000E-06,9
+34.00000E-06,9
+34.05000E-06,9
+34.10000E-06,9
+34.15000E-06,9
+34.20000E-06,10
+34.25000E-06,10
+34.30000E-06,10
+34.35000E-06,10
+34.40000E-06,10
+34.45000E-06,10
+34.50000E-06,10
+34.55000E-06,10
+34.60000E-06,10
+34.65000E-06,10
+34.70000E-06,11
+34.75000E-06,11
+34.80000E-06,11
+34.85000E-06,11
+34.90000E-06,11
+34.95000E-06,11
+35.00000E-06,11
+35.05000E-06,11
+35.10000E-06,11
+35.15000E-06,11
+35.20000E-06,11
+35.25000E-06,12
+35.30000E-06,12
+35.35000E-06,12
+35.40000E-06,12
+35.45000E-06,12
+35.50000E-06,12
+35.55000E-06,12
+35.60000E-06,12
+35.65000E-06,12
+35.70000E-06,12
+35.75000E-06,13
+35.80000E-06,13
+35.85000E-06,13
+35.90000E-06,13
+35.95000E-06,13
+36.00000E-06,13
+36.05000E-06,13
+36.10000E-06,13
+36.15000E-06,13
+36.20000E-06,13
+36.25000E-06,15
+36.30000E-06,14
+36.35000E-06,14
+36.40000E-06,14
+36.45000E-06,14
+36.50000E-06,14
+36.55000E-06,14
+36.60000E-06,14
+36.65000E-06,14
+36.70000E-06,14
+36.75000E-06,14
+36.80000E-06,15
+36.85000E-06,15
+36.90000E-06,15
+36.95000E-06,15
+37.00000E-06,15
+37.05000E-06,15
+37.10000E-06,15
+37.15000E-06,15
+37.20000E-06,15
+37.25000E-06,15
+37.30000E-06,72
+37.35000E-06,72
+37.40000E-06,72
+37.45000E-06,72
+37.50000E-06,72
+37.55000E-06,72
+37.60000E-06,72
+37.65000E-06,72
+37.70000E-06,72
+37.75000E-06,72
+37.80000E-06,73
+37.85000E-06,73
+37.90000E-06,73
+37.95000E-06,73
+38.00000E-06,73
+38.05000E-06,73
+38.10000E-06,73
+38.15000E-06,73
+38.20000E-06,73
+38.25000E-06,73
+38.30000E-06,73
+38.35000E-06,74
+38.40000E-06,74
+38.45000E-06,74
+38.50000E-06,74
+38.55000E-06,74
+38.60000E-06,74
+38.65000E-06,74
+38.70000E-06,74
+38.75000E-06,74
+38.80000E-06,74
+38.85000E-06,75
+38.90000E-06,75
+38.95000E-06,75
+39.00000E-06,75
+39.05000E-06,75
+39.10000E-06,75
+39.15000E-06,75
+39.20000E-06,75
+39.25000E-06,75
+39.30000E-06,75
+39.35000E-06,75
+39.40000E-06,76
+39.45000E-06,76
+39.50000E-06,76
+39.55000E-06,76
+39.60000E-06,76
+39.65000E-06,76
+39.70000E-06,76
+39.75000E-06,76
+39.80000E-06,76
+39.85000E-06,76
+39.90000E-06,77
+39.95000E-06,77
+40.00000E-06,77
+40.05000E-06,77
+40.10000E-06,77
+40.15000E-06,77
+40.20000E-06,77
+40.25000E-06,77
+40.30000E-06,77
+40.35000E-06,77
+40.40000E-06,79
+40.45000E-06,78
+40.50000E-06,78
+40.55000E-06,78
+40.60000E-06,78
+40.65000E-06,78
+40.70000E-06,78
+40.75000E-06,78
+40.80000E-06,78
+40.85000E-06,78
+40.90000E-06,78
+40.95000E-06,79
+41.00000E-06,79
+41.05000E-06,79
+41.10000E-06,79
+41.15000E-06,79
+41.20000E-06,79
+41.25000E-06,79
+41.30000E-06,79
+41.35000E-06,79
+41.40000E-06,79
+41.45000E-06,40
+41.50000E-06,40
+41.55000E-06,40
+41.60000E-06,40
+41.65000E-06,40
+41.70000E-06,40
+41.75000E-06,40
+41.80000E-06,40
+41.85000E-06,40
+41.90000E-06,40
+41.95000E-06,41
+42.00000E-06,41
+42.05000E-06,41
+42.10000E-06,41
+42.15000E-06,41
+42.20000E-06,41
+42.25000E-06,41
+42.30000E-06,41
+42.35000E-06,41
+42.40000E-06,41
+42.45000E-06,41
+42.50000E-06,42
+42.55000E-06,42
+42.60000E-06,42
+42.65000E-06,42
+42.70000E-06,42
+42.75000E-06,42
+42.80000E-06,42
+42.85000E-06,42
+42.90000E-06,42
+42.95000E-06,42
+43.00000E-06,43
+43.05000E-06,43
+43.10000E-06,43
+43.15000E-06,43
+43.20000E-06,43
+43.25000E-06,43
+43.30000E-06,43
+43.35000E-06,43
+43.40000E-06,43
+43.45000E-06,43
+43.50000E-06,47
+43.55000E-06,44
+43.60000E-06,44
+43.65000E-06,44
+43.70000E-06,44
+43.75000E-06,44
+43.80000E-06,44
+43.85000E-06,44
+43.90000E-06,44
+43.95000E-06,44
+44.00000E-06,44
+44.05000E-06,45
+44.10000E-06,45
+44.15000E-06,45
+44.20000E-06,45
+44.25000E-06,45
+44.30000E-06,45
+44.35000E-06,45
+44.40000E-06,45
+44.45000E-06,45
+44.50000E-06,45
+44.55000E-06,46
+44.60000E-06,46
+44.65000E-06,46
+44.70000E-06,46
+44.75000E-06,46
+44.80000E-06,46
+44.85000E-06,46
+44.90000E-06,46
+44.95000E-06,46
+45.00000E-06,46
+45.05000E-06,46
+45.10000E-06,47
+45.15000E-06,47
+45.20000E-06,47
+45.25000E-06,47
+45.30000E-06,47
+45.35000E-06,47
+45.40000E-06,47
+45.45000E-06,47
+45.50000E-06,47
+45.55000E-06,47
+45.60000E-06,104
+45.65000E-06,104
+45.70000E-06,104
+45.75000E-06,104
+45.80000E-06,104
+45.85000E-06,104
+45.90000E-06,104
+45.95000E-06,104
+46.00000E-06,104
+46.05000E-06,104
+46.10000E-06,105
+46.15000E-06,105
+46.20000E-06,105
+46.25000E-06,105
+46.30000E-06,105
+46.35000E-06,105
+46.40000E-06,105
+46.45000E-06,105
+46.50000E-06,105
+46.55000E-06,105
+46.60000E-06,105
+46.65000E-06,106
+46.70000E-06,106
+46.75000E-06,106
+46.80000E-06,106
+46.85000E-06,106
+46.90000E-06,106
+46.95000E-06,106
+47.00000E-06,106
+47.05000E-06,106
+47.10000E-06,106
+47.15000E-06,107
+47.20000E-06,107
+47.25000E-06,107
+47.30000E-06,107
+47.35000E-06,107
+47.40000E-06,107
+47.45000E-06,107
+47.50000E-06,107
+47.55000E-06,107
+47.60000E-06,107
+47.65000E-06,107
+47.70000E-06,108
+47.75000E-06,108
+47.80000E-06,108
+47.85000E-06,108
+47.90000E-06,108
+47.95000E-06,108
+48.00000E-06,108
+48.05000E-06,108
+48.10000E-06,108
+48.15000E-06,108
+48.20000E-06,109
+48.25000E-06,109
+48.30000E-06,109
+48.35000E-06,109
+48.40000E-06,109
+48.45000E-06,109
+48.50000E-06,109
+48.55000E-06,109
+48.60000E-06,109
+48.65000E-06,109
+48.70000E-06,110
+48.75000E-06,110
+48.80000E-06,110
+48.85000E-06,110
+48.90000E-06,110
+48.95000E-06,110
+49.00000E-06,110
+49.05000E-06,110
+49.10000E-06,110
+49.15000E-06,110
+49.20000E-06,110
+49.25000E-06,111
+49.30000E-06,111
+49.35000E-06,111
+49.40000E-06,111
+49.45000E-06,111
+49.50000E-06,111
+49.55000E-06,111
+49.60000E-06,111
+49.65000E-06,111
+49.70000E-06,111
+49.75000E-06,24
+49.80000E-06,24
+49.85000E-06,24
+49.90000E-06,24
+49.95000E-06,24
